theta,phi_transmission,peak_high,eq_high_abs,eq_high_frac
0.0,0.5,0.0035225441460832135,5.199071004589784e-06,9.365996264669872e-05
0.0,0.6041666666666666,0.011496062467684209,0.00019685257770117535,0.003540779391477663
0.0,0.7083333333333334,0.034259712657139445,0.0058819033573036085,0.10307693323795694
0.0,0.8125,0.08406663735739185,0.05646468568949114,0.7912399092967795
0.0,0.9166666666666667,0.15394931104327117,0.08095861109179568,0.990685346010441
0.0,1.0208333333333335,0.21849374276102124,0.0872650754462993,0.9994301110477869
0.0,1.125,0.26819364606174845,0.09192514780725317,0.9999461545509736
0.0,1.2291666666666667,0.30598521441762566,0.09525802099279926,0.9999928276505702
0.0,1.3333333333333335,0.33573712448289994,0.09760585981100456,0.9999987461119725
0.0,1.4375,0.36020438126004795,0.09943937241404562,0.9999997273308041
0.0,1.5416666666666667,0.3808561728907603,0.10103861581799614,0.9999999290361452
0.0,1.6458333333333335,0.3984780106324877,0.10250173656818594,0.9999999785885818
0.0,1.75,0.4142989826423194,0.1038436625762679,0.9999999926805371
0.0,1.8541666666666667,0.42817484659109045,0.10506134378203154,0.9999999972158986
0.0,1.9583333333333335,0.4405629564564861,0.10615708862877016,0.9999999988378205
0.0,2.0625,0.45132830842892735,0.10714081719360068,0.9999999994730434
0.0,2.166666666666667,0.4620264762045056,0.10802608961281059,0.9999999997424361
0.0,2.2708333333333335,0.471150392306643,0.10882667405240656,0.9999999998638693
0.0,2.375,0.4792407955328665,0.10955474483645733,0.9999999999226388
0.0,2.479166666666667,0.4871963315141413,0.1102204172396926,0.9999999999525544
0.0,2.5833333333333335,0.4944572943330726,0.11083187054970109,0.9999999999685132
0.0,2.6875,0.5009528406137641,0.11139577059566529,0.9999999999772972
0.0,2.791666666666667,0.5073710746681674,0.11191763592583567,0.9999999999824558
0.0,2.8958333333333335,0.5135722686462124,0.11240204763220472,0.9999999999855469
0.0,3.0,0.5191330418499898,0.11285288072891185,0.9999999999880705
0.04736842105263158,0.5,0.006614757740173771,0.0012490356924734797,0.021045782365916782
0.04736842105263158,0.6041666666666666,0.031980706189562,0.031291042263617654,0.4520526450929277
0.04736842105263158,0.7083333333333334,0.09425230678020477,0.09198578407720366,0.9852808593643991
0.04736842105263158,0.8125,0.14741037363537446,0.09858015397535129,0.9997216619750328
0.04736842105263158,0.9166666666666667,0.21792297421069048,0.10344663427332998,0.999987335372359
0.04736842105263158,1.0208333333333335,0.2701479923016125,0.10764897781460885,0.9999987492796867
0.04736842105263158,1.125,0.30873118017772483,0.11119926218631404,0.999999758730846
0.04736842105263158,1.2291666666666667,0.33907105475818755,0.1140953944098532,0.9999999221500835
0.04736842105263158,1.3333333333333335,0.3638205739932776,0.1164708124094397,0.9999999649506034
0.04736842105263158,1.4375,0.3846471433797649,0.1184689700253592,0.9999999807164647
0.04736842105263158,1.5416666666666667,0.40271887276121815,0.12018932561950994,0.9999999879777801
0.04736842105263158,1.6458333333333335,0.4182463841080722,0.12169347876003336,0.9999999918414227
0.04736842105263158,1.75,0.4325931865163802,0.12302146931248781,0.9999999941330783
0.04736842105263158,1.8541666666666667,0.4452024075456846,0.12420213470256986,0.9999999955708092
0.04736842105263158,1.9583333333333335,0.4564368938756993,0.12525808991617216,0.9999999965378163
0.04736842105263158,2.0625,0.4666011600332483,0.12620766699826785,0.999999997216692
0.04736842105263158,2.166666666666667,0.47623364806540863,0.12706599012645853,0.999999997702939
0.04736842105263158,2.2708333333333335,0.48485657618683453,0.1278455369334878,0.9999999980486262
0.04736842105263158,2.375,0.4924820180848964,0.12855665203157332,0.9999999983482432
0.04736842105263158,2.479166666666667,0.4995205151640555,0.1292079813219653,0.9999999986139618
0.04736842105263158,2.5833333333333335,0.5062027113648273,0.12980678149411032,0.9999999987025568
0.04736842105263158,2.6875,0.5126166193337589,0.1303591436297433,0.9999999988929674
0.04736842105263158,2.791666666666667,0.5187327102675494,0.13087028408298332,0.9999999990095599
0.04736842105263158,2.8958333333333335,0.5244184609373834,0.13134465213053817,0.9999999990648731
0.04736842105263158,3.0,0.5294444779281865,0.13178608149065962,0.999999999181051
0.09473684210526316,0.5,0.029529099234403014,0.02836429298453084,0.39675703736856793
0.09473684210526316,0.6041666666666666,0.10232210139577674,0.10122394016191266,0.9922746098884639
0.09473684210526316,0.7083333333333334,0.13407368973375958,0.10667811385395305,0.9999327694477842
0.09473684210526316,0.8125,0.2119414368527774,0.11250629249302312,0.9999970247376561
0.09473684210526316,0.9166666666666667,0.26752106072376935,0.1170464616882501,0.9999995221984801
0.09473684210526316,1.0208333333333335,0.3078610388534903,0.12100468369120329,0.9999998509128106
0.09473684210526316,1.125,0.33892162401630976,0.12437463994665857,0.9999999352941742
0.09473684210526316,1.2291666666666667,0.3644646386021668,0.12717504250317535,0.9999999660755631
0.09473684210526316,1.3333333333333335,0.3859876720339853,0.12951149695206193,0.999999979820442
0.09473684210526316,1.4375,0.4044666891038087,0.13149216393200608,0.9999999868600238
0.09473684210526316,1.5416666666666667,0.4207854635894446,0.13319822439280302,0.9999999908569115
0.09473684210526316,1.6458333333333335,0.4349566169011283,0.1346864816899531,0.9999999932833757
0.09473684210526316,1.75,0.4481356607845898,0.13599743108050613,0.999999994865296
0.09473684210526316,1.8541666666666667,0.4598114223193409,0.13716130819619207,0.9999999959378181
0.09473684210526316,1.9583333333333335,0.47017867123746265,0.1382015665700279,0.9999999967026848
0.09473684210526316,2.0625,0.4798826839069126,0.1391368600026598,0.9999999972502409
0.09473684210526316,2.166666666666667,0.48868662279855213,0.1399822832524962,0.9999999977636521
0.09473684210526316,2.2708333333333335,0.49691620567217804,0.1407501538897874,0.9999999980093299
0.09473684210526316,2.375,0.5041741039341501,0.1414506827859254,0.9999999981914338
0.09473684210526316,2.479166666666667,0.5108509041900877,0.1420923460160272,0.9999999984648366
0.09473684210526316,2.5833333333333335,0.517163386203955,0.1426822628199694,0.9999999986169887
0.09473684210526316,2.6875,0.5231910771602452,0.14322644978851012,0.9999999987661617
0.09473684210526316,2.791666666666667,0.5289002702842102,0.14373002648951855,0.9999999988721379
0.09473684210526316,2.8958333333333335,0.5341575838316578,0.1441973744559151,0.9999999989752437
0.09473684210526316,3.0,0.5387352691164428,0.14463226695651865,0.999999999055733
0.14210526315789473,0.5,0.10050637578938112,0.09888321485382895,0.9737333299186184
0.14210526315789473,0.6041666666666666,0.112650006616583,0.10793942285658234,0.9999209922331604
0.14210526315789473,0.7083333333333334,0.1991861003538184,0.11668251264601512,0.9999969278097974
0.14210526315789473,0.8125,0.2595446321539727,0.12229758206600896,0.9999994643999921
0.14210526315789473,0.9166666666666667,0.30229297339856764,0.12671469016599646,0.9999998336707591
0.14210526315789473,1.0208333333333335,0.33514792246545183,0.1305959681427212,0.9999999301151248
0.14210526315789473,1.125,0.3617982063015909,0.13389705201816768,0.9999999643103981
0.14210526315789473,1.2291666666666667,0.3844204009622174,0.1366503613630175,0.9999999791940902
0.14210526315789473,1.3333333333333335,0.40387699191789006,0.1389575150867527,0.9999999866147897
0.14210526315789473,1.4375,0.42084174562214416,0.1409179433991345,0.9999999907502916
0.14210526315789473,1.5416666666666667,0.43595489028943757,0.14260758672331925,0.9999999932319804
0.14210526315789473,1.6458333333333335,0.4492166620508947,0.14408117293991587,0.9999999948420426
0.14210526315789473,1.75,0.46149425915132647,0.14537869457988944,0.9999999959166149
0.14210526315789473,1.8541666666666667,0.47247202300177843,0.14653030634781866,0.9999999966867182
0.14210526315789473,1.9583333333333335,0.48217998334768986,0.14755941904219236,0.9999999972240485
0.14210526315789473,2.0625,0.49152304992019175,0.14848459975365938,0.9999999975724972
0.14210526315789473,2.166666666666667,0.49967910981135066,0.1493208514379226,0.9999999979746386
0.14210526315789473,2.2708333333333335,0.5075946904873755,0.15008039207133697,0.9999999982334795
0.14210526315789473,2.375,0.5145582326561736,0.15077331304045716,0.9999999984107277
0.14210526315789473,2.479166666666667,0.5209434319497003,0.1514080041051554,0.999999998584001
0.14210526315789473,2.5833333333333335,0.526955336323464,0.15199151418411344,0.9999999988611848
0.14210526315789473,2.6875,0.5326662207595558,0.15252979042662448,0.9999999987761441
0.14210526315789473,2.791666666666667,0.53803868885713,0.15302789778486708,0.9999999989366087
0.14210526315789473,2.8958333333333335,0.5429384281687893,0.15349017032451895,0.9999999990320754
0.14210526315789473,3.0,0.5471389526533244,0.1539203401429508,0.9999999990950267
0.18947368421052632,0.5,0.10359523616520658,0.10354019152801158,0.9995832678221144
0.18947368421052632,0.6041666666666666,0.17795469273613762,0.11467307404586231,0.9999933464058518
0.18947368421052632,0.7083333333333334,0.24492015115429383,0.12423071773762237,0.9999991827184571
0.18947368421052632,0.8125,0.2913208635991967,0.12959773583003534,0.9999997901500636
0.18947368421052632,0.9166666666666667,0.3267471428449696,0.13398045631056288,0.9999999209917736
0.18947368421052632,1.0208333333333335,0.35543145836421797,0.13783293588725773,0.9999999623109276
0.18947368421052632,1.125,0.37967181906327047,0.14109867257410402,0.9999999788990153
0.18947368421052632,1.2291666666666667,0.40049180599222967,0.14382290182987606,0.999999986782471
0.18947368421052632,1.3333333333333335,0.4186126352660876,0.1461086675853318,0.9999999910073183
0.18947368421052632,1.4375,0.43459774783498056,0.148052753838139,0.9999999934953798
0.18947368421052632,1.5416666666666667,0.4488692021222419,0.14972888122644606,0.9999999950625669
0.18947368421052632,1.6458333333333335,0.4614574653567356,0.15119070143937188,0.9999999961100943
0.18947368421052632,1.75,0.47309135783565415,0.1524777484490788,0.9999999968358236
0.18947368421052632,1.8541666666666667,0.48354007935114274,0.15361995593937078,0.9999999973693275
0.18947368421052632,1.9583333333333335,0.49274230597869906,0.15464059812606396,0.9999999977677421
0.18947368421052632,2.0625,0.501795267791065,0.15555813899672,0.9999999980629382
0.18947368421052632,2.166666666666667,0.5094430074253607,0.15638745477390567,0.9999999983545143
0.18947368421052632,2.2708333333333335,0.5171039185056172,0.15714069455360685,0.9999999984904743
0.18947368421052632,2.375,0.5238287543030495,0.1578278605539414,0.9999999986451278
0.18947368421052632,2.479166666666667,0.5299765935404401,0.15845728424951397,0.999999998801098
0.18947368421052632,2.5833333333333335,0.5357424260381207,0.1590359465903492,0.9999999988817829
0.18947368421052632,2.6875,0.5411921040487412,0.1595697524621009,0.9999999989704984
0.18947368421052632,2.791666666666667,0.5462848015011612,0.1600637216361842,0.9999999991324036
0.18947368421052632,2.8958333333333335,0.5508851544693192,0.16052215484168045,0.9999999991300051
0.18947368421052632,3.0,0.5547674853283883,0.16094875041958692,0.9999999991559041
0.2368421052631579,0.5,0.1465014673616214,0.10365835671814844,0.9999675450573761
0.2368421052631579,0.6041666666666666,0.22204975977108288,0.12081788568320256,0.9999982981757986
0.2368421052631579,0.7083333333333334,0.27381213336671856,0.1300444944902442,0.9999996995343439
0.2368421052631579,0.8125,0.3130498965094234,0.13526870006621564,0.9999999057373177
0.2368421052631579,0.9166666666666667,0.34472423315403733,0.13965059361177465,0.9999999593327858
0.2368421052631579,1.0208333333333335,0.37125993348851904,0.14349223502851044,0.9999999785601573
0.2368421052631579,1.125,0.3940107212668731,0.14673653315644117,0.9999999870541798
0.2368421052631579,1.2291666666666667,0.4137220700530516,0.1494403774452411,0.9999999913929302
0.2368421052631579,1.3333333333333335,0.4309663135246339,0.1517098239856277,0.9999999938537981
0.2368421052631579,1.4375,0.4463184002642696,0.15364079853471393,0.9999999953685001
0.2368421052631579,1.5416666666666667,0.45999406082877975,0.15530600901135283,0.9999999963709268
0.2368421052631579,1.6458333333333335,0.4720707341009648,0.15675838610231424,0.9999999970634001
0.2368421052631579,1.75,0.4832463647276647,0.15803710458344045,0.9999999975557238
0.2368421052631579,1.8541666666666667,0.4932895780979716,0.15917188607778462,0.9999999979207118
0.2368421052631579,1.9583333333333335,0.5021162741031432,0.1601858717300345,0.9999999981991459
0.2368421052631579,2.0625,0.5109152149111178,0.16109741222902665,0.9999999984178768
0.2368421052631579,2.166666666666667,0.5181636576352473,0.1619212979746454,0.9999999985938782
0.2368421052631579,2.2708333333333335,0.5256150198322582,0.16266960219515478,0.9999999987104
0.2368421052631579,2.375,0.532143960272791,0.163352264390384,0.9999999987848884
0.2368421052631579,2.479166666666667,0.5380970095284796,0.16397756278143058,0.9999999989489092
0.2368421052631579,2.5833333333333335,0.5436601917136684,0.16455242786418817,0.9999999989647562
0.2368421052631579,2.6875,0.5488935348816164,0.1650827347296054,0.999999999095352
0.2368421052631579,2.791666666666667,0.5537529978398892,0.16557346161162337,0.99999999913961
0.2368421052631579,2.8958333333333335,0.5581020400586844,0.16602888634330967,0.9999999992144836
0.2368421052631579,3.0,0.5617153422209809,0.16645268474161437,0.9999999991668582
0.28421052631578947,0.5,0.18884619671320646,0.10693249472699197,0.9999935594266448
0.28421052631578947,0.6041666666666666,0.2481342577812658,0.12588313007529445,0.9999994600340709
0.28421052631578947,0.7083333333333334,0.29279924783740896,0.13466292684704537,0.9999998767962832
0.28421052631578947,0.8125,0.32876269128470037,0.13980873974771954,0.9999999543320159
0.28421052631578947,0.9166666666666667,0.3586229371424133,0.14420271365365325,0.9999999778583877
0.28421052631578947,1.0208333333333335,0.3839804831798562,0.14804104750007807,0.9999999872733087
0.28421052631578947,1.125,0.4057909051491853,0.1512706571817556,0.9999999917871857
0.28421052631578947,1.2291666666666667,0.4248161002049693,0.15395904132113145,0.9999999942424639
0.28421052631578947,1.3333333333333335,0.44147638122827426,0.15621540766306227,0.9999999957098578
0.28421052631578947,1.4375,0.45642457452283225,0.15813576513940447,0.9999999966585957
0.28421052631578947,1.5416666666666667,0.46967354441666287,0.1597920201981348,0.9999999973022526
0.28421052631578947,1.6458333333333335,0.4813520047483084,0.16123670183667274,0.9999999977573876
0.28421052631578947,1.75,0.4922053167402989,0.16250866440920547,0.9999999980995283
0.28421052631578947,1.8541666666666667,0.5019345692991339,0.16363744202175376,0.9999999983530455
0.28421052631578947,1.9583333333333335,0.5105438697558895,0.16464605437329313,0.9999999985490394
0.28421052631578947,2.0625,0.5190559330029473,0.16555276162081314,0.999999998715676
0.28421052631578947,2.166666666666667,0.5259914793568908,0.16637228523250233,0.9999999988464079
0.28421052631578947,2.2708333333333335,0.5332678059095203,0.1671166139928874,0.9999999988837939
0.28421052631578947,2.375,0.5396342587346084,0.16779564900785934,0.9999999989568464
0.28421052631578947,2.479166666666667,0.5454261954520025,0.16841762622365639,0.9999999990476233
0.28421052631578947,2.5833333333333335,0.5508215654901665,0.16898944254367168,0.9999999991550276
0.28421052631578947,2.6875,0.5558751211356331,0.16951692980494062,0.9999999992303468
0.28421052631578947,2.791666666666667,0.560539683279498,0.17000505577793854,0.9999999992226918
0.28421052631578947,2.8958333333333335,0.5646773293084516,0.17045805988887952,0.9999999993123642
0.28421052631578947,3.0,0.5683088699995175,0.17087960454760806,0.9999999993231848
0.3315789473684211,0.5,0.21196403248911388,0.11087785103654231,0.9999984341273221
0.3315789473684211,0.6041666666666666,0.26445870925845755,0.13002941521921427,0.9999998082907442
0.3315789473684211,0.7083333333333334,0.30631683543693594,0.1384260733042759,0.9999999451527639
0.3315789473684211,0.8125,0.3407723149374919,0.14352892000868792,0.9999999764498184
0.3315789473684211,0.9166666666666667,0.3697005359291206,0.1479397695000439,0.9999999873321724
0.3315789473684211,1.0208333333333335,0.39440841251474246,0.15177799811012216,0.999999992137545
0.3315789473684211,1.125,0.41565962005332746,0.1549966018895906,0.9999999946161043
0.3315789473684211,1.2291666666666667,0.4342607529214999,0.15767257890452144,0.9999999960439826
0.3315789473684211,1.3333333333333335,0.450527465852393,0.15991825140811466,0.9999999969398935
0.3315789473684211,1.4375,0.4652263640341989,0.16182973397229541,0.999999997538442
0.3315789473684211,1.5416666666666667,0.47816737417075034,0.1634785635749731,0.9999999979602575
0.3315789473684211,1.6458333333333335,0.48952863720673834,0.16491686890659346,0.9999999982699873
0.3315789473684211,1.75,0.5001607208736846,0.16618323191754822,0.9999999984984539
0.3315789473684211,1.8541666666666667,0.5096450906968687,0.16730707371125458,0.999999998684232
0.3315789473684211,1.9583333333333335,0.5180661032900706,0.16831126705143118,0.9999999988095051
0.3315789473684211,2.0625,0.5263579841950135,0.16921398874251034,0.9999999989392022
0.3315789473684211,2.166666666666667,0.533097818322737,0.1700299183932828,0.9999999990098337
0.3315789473684211,2.2708333333333335,0.5401775606621235,0.17077098527163342,0.9999999991184264
0.3315789473684211,2.375,0.546407916107776,0.17144704355043966,0.9999999991878938
0.3315789473684211,2.479166666666667,0.5520656514517033,0.17206628953174144,0.9999999992340585
0.3315789473684211,2.5833333333333335,0.5573214810142975,0.17263559803209036,0.9999999992970608
0.3315789473684211,2.6875,0.5622251844921835,0.17316077202601768,0.9999999993138666
0.3315789473684211,2.791666666666667,0.5667265739494496,0.17364675252841355,0.9999999994141656
0.3315789473684211,2.8958333333333335,0.5706861829547762,0.17409777314640132,0.9999999992872292
0.3315789473684211,3.0,0.5744314208006933,0.17451747046513383,0.9999999994104881
0.37894736842105264,0.5,0.22543364443067362,0.11454853512338826,0.9999995645076959
0.37894736842105264,0.6041666666666666,0.2757768617503274,0.13346808130032392,0.9999999249124117
0.37894736842105264,0.7083333333333334,0.3166622592297304,0.14155440879973324,0.9999999737183628
0.37894736842105264,0.8125,0.35053587100617656,0.1466346430076184,0.9999999871330348
0.37894736842105264,0.9166666666666667,0.3790122755792325,0.15106376621526693,0.9999999924095754
0.37894736842105264,1.0208333333333335,0.4032038448166023,0.15490314186641002,0.9999999949531303
0.37894736842105264,1.125,0.42417456889886906,0.15811292147215053,0.9999999963551511
0.37894736842105264,1.2291666666666667,0.4424012683070546,0.16077857985761446,0.9999999972075625
0.37894736842105264,1.3333333333333335,0.458488081948034,0.1630152628407749,0.9999999977642177
0.37894736842105264,1.4375,0.47295731441690547,0.16491927864977576,0.9999999981500197
0.37894736842105264,1.5416666666666667,0.48567547717530707,0.16656185079887342,0.9999999984303577
0.37894736842105264,1.6458333333333335,0.4967785979165431,0.16799477954773476,0.9999999986393703
0.37894736842105264,1.75,0.5072656388028907,0.1692564765432088,0.99999999881486
0.37894736842105264,1.8541666666666667,0.5165579405029153,0.17037614938111365,0.9999999989295849
0.37894736842105264,1.9583333333333335,0.5248122795682864,0.1713766412356597,0.999999999037621
0.37894736842105264,2.0625,0.5329365623313589,0.17227604336591867,0.9999999991097823
0.37894736842105264,2.166666666666667,0.5395624234268274,0.17308896312929029,0.9999999991855522
0.37894736842105264,2.2708333333333335,0.5464403411728098,0.17382729666588911,0.9999999992469153
0.37894736842105264,2.375,0.5525556327096229,0.1745008636374604,0.9999999992896951
0.37894736842105264,2.479166666666667,0.5581009235159115,0.1751178283182378,0.9999999993387723
0.37894736842105264,2.5833333333333335,0.5632402605761082,0.17568503755314965,0.9999999993845039
0.37894736842105264,2.6875,0.5680188259639727,0.1762082758346595,0.9999999994173392
0.37894736842105264,2.791666666666667,0.5723834003179156,0.17669246732276794,0.9999999994001686
0.37894736842105264,2.8958333333333335,0.5761929591287225,0.17714182417129987,0.9999999993720112
0.37894736842105264,3.0,0.5800302627486486,0.17755997834653645,0.9999999994707806
0.4263157894736842,0.5,0.23454760375809122,0.11777893631408487,0.9999998622970642
0.4263157894736842,0.6041666666666666,0.2844380884635274,0.13636312048747745,0.9999999677860415
0.4263157894736842,0.7083333333333334,0.32502318738194136,0.14419746154068971,0.9999999865092982
0.4263157894736842,0.8125,0.3585260674401216,0.14926751681631112,0.9999999925772597
0.4263157894736842,0.9166666666666667,0.38681101217949254,0.1537146937797383,0.999999995243885
0.4263157894736842,1.0208333333333335,0.4109103003463072,0.15755563390140687,0.9999999966367286
0.4263157894736842,1.125,0.4316660574267476,0.16075802528933555,0.999999997452905
0.4263157894736842,1.2291666666666667,0.4496780767656202,0.16341491409273365,0.9999999979729001
0.4263157894736842,1.3333333333333335,0.46558773368726325,0.16564387906274172,0.9999999983273818
0.4263157894736842,1.4375,0.4797970517697973,0.16754150271605253,0.9999999985805794
0.4263157894736842,1.5416666666666667,0.49235444062406697,0.16917873994451324,0.9999999987688345
0.4263157894736842,1.6458333333333335,0.5032650422423923,0.17060709592659692,0.9999999989136489
0.4263157894736842,1.75,0.5136434164975721,0.1718647933018507,0.9999999990283754
0.4263157894736842,1.8541666666666667,0.5227846251089944,0.17298094778941558,0.9999999991176208
0.4263157894736842,1.9583333333333335,0.5308886714854292,0.17397830178585702,0.9999999991978609
0.4263157894736842,2.0625,0.5388871696364457,0.17487487437170993,0.9999999992567847
0.4263157894736842,2.166666666666667,0.5454132839778622,0.1756852458036157,0.9999999992608926
0.4263157894736842,2.2708333333333335,0.5521368545258523,0.1764212598265719,0.9999999993144127
0.4263157894736842,2.375,0.5581539871876897,0.17709271216964345,0.9999999993725411
0.4263157894736842,2.479166666666667,0.5636044846197474,0.17770774133847927,0.9999999992995176
0.4263157894736842,2.5833333333333335,0.5686462709657252,0.17827316842945246,0.9999999993784175
0.4263157894736842,2.6875,0.5733201317548331,0.17879476307473646,0.9999999994649104
0.4263157894736842,2.791666666666667,0.5775699599379273,0.17927743417924058,0.9999999994282068
0.4263157894736842,2.8958333333333335,0.581253025105063,0.17972537902386884,0.9999999995093709
0.4263157894736842,3.0,0.585163659441387,0.18014221746624468,0.9999999995285138
0.4736842105263158,0.5,0.24153474207296208,0.12059860621659665,0.9999999508136211
0.4736842105263158,0.6041666666666666,0.2914543908177717,0.1388334950792457,0.9999999849332996
0.4736842105263158,0.7083333333333334,0.3319863669881668,0.14646071654681866,0.9999999926058671
0.4736842105263158,0.8125,0.36549221576039553,0.15152839237728075,0.9999999954866569
0.4736842105263158,0.9166666666666667,0.3935500820552797,0.15599279798358617,0.9999999968883465
0.4736842105263158,1.0208333333333335,0.4175746071094741,0.15983531065258116,0.9999999976759559
0.4736842105263158,1.125,0.43821174982632594,0.16303130646067304,0.9999999981638786
0.4736842105263158,1.2291666666666667,0.45612144453186687,0.16568057755922552,0.9999999984891348
0.4736842105263158,1.3333333333333335,0.4718838244874165,0.16790287101999274,0.9999999987190077
0.4736842105263158,1.4375,0.48588636155174575,0.16979500691659818,0.999999998886955
0.4736842105263158,1.5416666666666667,0.4983290065104167,0.17142762209831536,0.9999999990155628
0.4736842105263158,1.6458333333333335,0.5091670168477702,0.17285203928519213,0.9999999991213057
0.4736842105263158,1.75,0.5193947302118813,0.17410630192504825,0.9999999992035028
0.4736842105263158,1.8541666666666667,0.5284169232765297,0.17521942068223192,0.999999999268903
0.4736842105263158,1.9583333333333335,0.5363835018123031,0.17621406522652663,0.99999999932443
0.4736842105263158,2.0625,0.5442896199110615,0.17710821072191046,0.999999999362294
0.4736842105263158,2.166666666666667,0.5507272114259482,0.17791638692445533,0.9999999994238314
0.4736842105263158,2.2708333333333335,0.5573351985453916,0.17865040646505123,0.9999999994347197
0.4736842105263158,2.375,0.5632679510102367,0.17932004373850724,0.9999999994316311
0.4736842105263158,2.479166666666667,0.5686381577561118,0.1799334079037245,0.9999999994145833
0.4736842105263158,2.5833333333333335,0.5735980296876502,0.18049730288437818,0.9999999995019314
0.4736842105263158,2.6875,0.57818422693656,0.18101748760470307,0.9999999995038411
0.4736842105263158,2.791666666666667,0.5823378403436829,0.18149885371768254,0.999999999568511
0.4736842105263158,2.8958333333333335,0.5859143305713859,0.18194558517313747,0.9999999994930896
0.4736842105263158,3.0,0.5898819890052819,0.1823612941008896,0.9999999996983187
0.5210526315789474,0.5,0.24725783976105106,0.12306892252655695,0.9999999802527859
0.5210526315789474,0.6041666666666666,0.2973623391815598,0.14096592344334466,0.9999999923429163
0.5210526315789474,0.7083333333333334,0.3379666423444197,0.14842086321331627,0.9999999956813664
0.5210526315789474,0.8125,0.3714379412957147,0.1534913501530727,0.9999999971131082
0.5210526315789474,0.9166666666666667,0.39954989052987705,0.15797179164376704,0.9999999978772969
0.5210526315789474,1.0208333333333335,0.42339647912713474,0.16181571401291436,0.9999999983365397
0.5210526315789474,1.125,0.4439790050313036,0.1650060457646189,0.999999998636138
0.5210526315789474,1.2291666666666667,0.46183970083661174,0.16764862704456937,0.9999999988439477
0.5210526315789474,1.3333333333333335,0.4775018208499458,0.16986511704405677,0.9999999989949578
0.5210526315789474,1.4375,0.49133744121156525,0.17175241033398383,0.999999999109563
0.5210526315789474,1.5416666666666667,0.5036999855384149,0.17338101284864924,0.9999999992007059
0.5210526315789474,1.6458333333333335,0.5144995970722775,0.17480199579266031,0.9999999992729078
0.5210526315789474,1.75,0.5246026227878161,0.17605326442787872,0.9999999993296833
0.5210526315789474,1.8541666666666667,0.5335312040004095,0.17716375840921997,0.9999999993807224
0.5210526315789474,1.9583333333333335,0.5413705610106119,0.17815605172042565,0.9999999994242142
0.5210526315789474,2.0625,0.5492111502003318,0.17904809432362973,0.9999999994607437
0.5210526315789474,2.166666666666667,0.555569216774888,0.17985435306751946,0.9999999994889693
0.5210526315789474,2.2708333333333335,0.562093418159331,0.18058664758862122,0.9999999995114012
0.5210526315789474,2.375,0.5679530940024432,0.18125470124506327,0.9999999995309874
0.5210526315789474,2.479166666666667,0.573254960311194,0.18186662044732343,0.9999999994986652
0.5210526315789474,2.5833333333333335,0.578145913308555,0.18242918908650507,0.9999999995501411
0.5210526315789474,2.6875,0.582658713933062,0.18294814600713422,0.99999999956335
0.5210526315789474,2.791666666666667,0.5867316929396589,0.18342837583916807,0.999999999604753
0.5210526315789474,2.8958333333333335,0.590218506196835,0.18387405636600127,0.9999999995826008
0.5210526315789474,3.0,0.5942291563643258,0.18428878699980678,0.9999999996533467
0.5684210526315789,0.5,0.2521782557900486,0.12524705418588397,0.9999999913017266
0.5684210526315789,0.6041666666666666,0.3025278411163567,0.14282505507427973,0.9999999957896974
0.5684210526315789,0.7083333333333334,0.34322209059227565,0.1501352115272042,0.9999999973177018
0.5684210526315789,0.8125,0.3767071013589032,0.15521181585766944,0.9999999980608298
0.5684210526315789,0.9166666666666667,0.40479677824402105,0.15970707899136244,0.999999998492389
0.5684210526315789,1.0208333333333335,0.4285247419620428,0.16355218480969647,0.999999998768142
0.5684210526315789,1.125,0.4490962728848136,0.16673743484355244,0.9999999989569975
0.5684210526315789,1.2291666666666667,0.4669454830507231,0.16937409391468888,0.9999999990925785
0.5684210526315789,1.3333333333333335,0.4825418440070739,0.17158541972920338,0.9999999991947509
0.5684210526315789,1.4375,0.4962411115899294,0.17346848093457273,0.9999999992738052
0.5684210526315789,1.5416666666666667,0.5085497972057363,0.17509355852146422,0.9999999993369203
0.5684210526315789,1.6458333333333335,0.5193371488753998,0.17651153354657467,0.9999999993921547
0.5684210526315789,1.75,0.5293363167802703,0.17776017726043136,0.9999999994310892
0.5684210526315789,1.8541666666666667,0.5381915271252401,0.17886836635925535,0.9999999994766369
0.5684210526315789,1.9583333333333335,0.5459121078924841,0.17985859359584352,0.9999999994769446
0.5684210526315789,2.0625,0.5537087936703868,0.18074878359988558,0.9999999995266106
0.5684210526315789,2.166666666666667,0.5599946761405089,0.1815533752221922,0.9999999995464203
0.5684210526315789,2.2708333333333335,0.5664612017906169,0.1822841524409406,0.9999999995433556
0.5684210526315789,2.375,0.572257130685113,0.1829508255420828,0.9999999995466972
0.5684210526315789,2.479166666666667,0.5775005942315407,0.18356146727900213,0.9999999996159741
0.5684210526315789,2.5833333333333335,0.5823334750640698,0.18412287627651525,0.9999999995641063
0.5684210526315789,2.6875,0.5867848434608431,0.1846407563277037,0.9999999996536332
0.5684210526315789,2.791666666666667,0.5907903607371987,0.18511999276210728,0.9999999995799218
0.5684210526315789,2.8958333333333335,0.5942018421568007,0.18556474887284694,0.9999999995912346
0.5684210526315789,3.0,0.5982433406301604,0.18597861979716218,0.9999999995877445
0.6157894736842106,0.5,0.25648371667006165,0.12718015566156377,0.9999999955269081
0.6157894736842106,0.6041666666666666,0.30706399987775296,0.1444599707676824,0.9999999974841612
0.6157894736842106,0.7083333333333334,0.347848928716412,0.15164738541339826,0.9999999982324952
0.6157894736842106,0.8125,0.38143058245503086,0.15673229932280816,0.9999999986349152
0.6157894736842106,0.9166666666666667,0.40942285694206426,0.16124115014440887,0.9999999988873266
0.6157894736842106,1.0208333333333335,0.4332400351828327,0.1650872145926701,0.999999999058119
0.6157894736842106,1.125,0.4536642026125733,0.16826788223731717,0.9999999991796809
0.6157894736842106,1.2291666666666667,0.471528684894966,0.17089920734701552,0.999999999270717
0.6157894736842106,1.3333333333333335,0.4870850116016398,0.17310596267153158,0.9999999993406481
0.6157894736842106,1.4375,0.5006716427021296,0.17498526613073356,0.99999999939626
0.6157894736842106,1.5416666666666667,0.512946662186446,0.176607212904989,0.9999999994421204
0.6157894736842106,1.6458333333333335,0.5237419806364454,0.17802252173724215,0.9999999994812783
0.6157894736842106,1.75,0.5336539372480121,0.17926885463234996,0.9999999995111503
0.6157894736842106,1.8541666666666667,0.542452082942198,0.18037499240022695,0.999999999539501
0.6157894736842106,1.9583333333333335,0.5501059033403618,0.18136340799407175,0.999999999568129
0.6157894736842106,2.0625,0.5578311897742956,0.18225196305314892,0.9999999995895633
0.6157894736842106,2.166666666666667,0.5640509724293162,0.18305507535604054,0.9999999996026581
0.6157894736842106,2.2708333333333335,0.5704813116839667,0.18378450844583413,0.9999999995852079
0.6157894736842106,2.375,0.5762213025472261,0.18444995558536398,0.9999999996255823
0.6157894736842106,2.479166666666667,0.5814146314028328,0.1850594860004245,0.9999999996359219
0.6157894736842106,2.5833333333333335,0.5861985350538365,0.18561985356142613,0.999999999714671
0.6157894736842106,2.6875,0.590598556969026,0.18613679301995367,0.9999999996688959
0.6157894736842106,2.791666666666667,0.5945477769555284,0.18661514624895478,0.9999999996437964
0.6157894736842106,2.8958333333333335,0.5978961785236805,0.18705908661406537,0.9999999996915687
0.6157894736842106,3.0,0.6019580968390493,0.1874721981010212,0.9999999996964104
0.6631578947368422,0.5,0.2603105126002984,0.12890648489674952,0.9999999974901743
0.6631578947368422,0.6041666666666666,0.3110620313889293,0.14590866525389953,0.9999999983837039
0.6631578947368422,0.7083333333333334,0.3519941175846309,0.15299123337158924,0.9999999987682717
0.6631578947368422,0.8125,0.38559817999903867,0.15808585597198063,0.9999999989957645
0.6631578947368422,0.9166666666666667,0.4136570134005772,0.16260717377429562,0.9999999991488848
0.6631578947368422,1.0208333333333335,0.4375182057360121,0.16645395887912418,0.9999999992576938
0.6631578947368422,1.125,0.4578081901540785,0.16963038665552022,0.9999999993382596
0.6631578947368422,1.2291666666666667,0.47566212315958023,0.17225695599552993,0.9999999994004134
0.6631578947368422,1.3333333333333335,0.4911978111330628,0.17445961936326126,0.9999999994492882
0.6631578947368422,1.4375,0.5046906230463712,0.1763355670935828,0.9999999994882343
0.6631578947368422,1.5416666666666667,0.5169476183621802,0.1779547336798604,0.9999999995221731
0.6631578947368422,1.6458333333333335,0.5277663740527669,0.17936767273241222,0.9999999995513014
0.6631578947368422,1.75,0.5376047052110187,0.18061193313189092,0.9999999995743816
0.6631578947368422,1.8541666666666667,0.546358952859963,0.18171624778610682,0.9999999995954786
0.6631578947368422,1.9583333333333335,0.5539831990352151,0.18270303930253678,0.9999999996146213
0.6631578947368422,2.0625,0.5616201537425505,0.18359014320690417,0.9999999996357315
0.6631578947368422,2.166666666666667,0.5677789423860959,0.184391940078663,0.9999999996491734
0.6631578947368422,2.2708333333333335,0.5741907334025135,0.18512017887369753,0.9999999996543878
0.6631578947368422,2.375,0.5798813344162098,0.1857845400877897,0.9999999996740654
0.6631578947368422,2.479166666666667,0.5850314894658566,0.1863930704404423,0.9999999996706044
0.6631578947368422,2.5833333333333335,0.5897740704703237,0.1869525254523012,0.9999999996740877
0.6631578947368422,2.6875,0.5941312767205924,0.1874686130784045,0.9999999996523775
0.6631578947368422,2.791666666666667,0.5980336783400142,0.18794618444836012,0.9999999996916645
0.6631578947368422,2.8958333333333335,0.6013361912860566,0.1883893992020082,0.9999999996656586
0.6631578947368422,3.0,0.6054028218307135,0.18880183374328544,0.9999999997129969
0.7105263157894737,0.5,0.26374265735329044,0.13045685413339045,0.9999999984416796
0.7105263157894737,0.6041666666666666,0.314730496494017,0.14720105797341748,0.9999999988872186
0.7105263157894737,0.7083333333333334,0.35575797970601264,0.1541935032875487,0.9999999990964055
0.7105263157894737,0.8125,0.3893693662160488,0.15929863171792613,0.999999999230421
0.7105263157894737,0.9166666666666667,0.41753725291675126,0.16383133764396854,0.9999999993269076
0.7105263157894737,1.0208333333333335,0.4413669766588471,0.16767864994480455,0.9999999993983942
0.7105263157894737,1.125,0.4617035531527567,0.1708512112539121,0.9999999994532721
0.7105263157894737,1.2291666666666667,0.47940578375110887,0.17347348149493072,0.9999999994962586
0.7105263157894737,1.3333333333333335,0.4949355385723642,0.1756724402775509,0.9999999995313014
0.7105263157894737,1.4375,0.5083495847781324,0.1775453707133535,0.9999999995607173
0.7105263157894737,1.5416666666666667,0.5206006170070131,0.17916203302115982,0.9999999995847498
0.7105263157894737,1.6458333333333335,0.531454742039631,0.1805728443431585,0.9999999996070406
0.7105263157894737,1.75,0.5412305752694576,0.18181525725554348,0.9999999996241763
0.7105263157894737,1.8541666666666667,0.5499516358376508,0.18291794657414934,0.9999999996422498
0.7105263157894737,1.9583333333333335,0.5575576735823164,0.1839032842799191,0.9999999996623855
0.7105263157894737,2.0625,0.5651117181633377,0.18478906929673605,0.9999999996709643
0.7105263157894737,2.166666666666667,0.571213851019341,0.18558970144962247,0.9999999996811261
0.7105263157894737,2.2708333333333335,0.5776216091861183,0.18631687053219198,0.9999999996541402
0.7105263157894737,2.375,0.5832683718471029,0.18698025384984615,0.999999999676578
0.7105263157894737,2.479166666666667,0.5883812321299426,0.1875878910498773,0.9999999996621031
0.7105263157894737,2.5833333333333335,0.5930889406668546,0.18814652351961952,0.999999999720925
0.7105263157894737,2.6875,0.5974105503129234,0.18866185487477113,0.9999999996159634
0.7105263157894737,2.791666666666667,0.6012742119818547,0.18913872403195542,0.9999999996547267
0.7105263157894737,2.8958333333333335,0.6045767184250762,0.1895812850825872,0.9999999997765892
0.7105263157894737,3.0,0.6086034491700116,0.1899931159896809,0.9999999997238095
0.7578947368421053,0.5,0.2668413459207385,0.13185642497951197,0.9999999989413388
0.7578947368421053,0.6041666666666666,0.3179849862437164,0.14836099587259738,0.9999999991850923
0.7578947368421053,0.7083333333333334,0.3591021534415376,0.15527547248910814,0.9999999993057509
0.7578947368421053,0.8125,0.39287639826855564,0.16039158469673265,0.9999999993886866
0.7578947368421053,0.9166666666666667,0.42102926891377046,0.16493468512414491,0.9999999994514721
0.7578947368421053,1.0208333333333335,0.44484491892385675,0.1687823504571598,0.9999999994999806
0.7578947368421053,1.125,0.46524009318410464,0.17195134153168817,0.9999999995382751
0.7578947368421053,1.2291666666666667,0.4828094027766464,0.17456965573206798,0.9999999995691381
0.7578947368421053,1.3333333333333335,0.4983444192721006,0.1767653022755155,0.9999999995944604
0.7578947368421053,1.4375,0.5117852278983179,0.17863551189082,0.9999999996160741
0.7578947368421053,1.5416666666666667,0.5239463719909806,0.18024992309346002,0.9999999996343694
0.7578947368421053,1.6458333333333335,0.5348450560970988,0.18165882259660307,0.9999999996549714
0.7578947368421053,1.75,0.5445675693814034,0.18289956245218544,0.9999999996645734
0.7578947368421053,1.8541666666666667,0.5532641691564082,0.18400078280452764,0.9999999996795039
0.7578947368421053,1.9583333333333335,0.5608612267009887,0.18498481263745994,0.9999999996957027
0.7578947368421053,2.0625,0.568337153489239,0.1858694342815772,0.9999999997036627
0.7578947368421053,2.166666666666667,0.5744024010969405,0.1866689916502373,0.9999999997158039
0.7578947368421053,2.2708333333333335,0.5808020171932846,0.1873951960849536,0.9999999997189344
0.7578947368421053,2.375,0.5864096436204151,0.18805769576708412,0.9999999997021577
0.7578947368421053,2.479166666666667,0.5914901806658759,0.18866453016293125,0.999999999723604
0.7578947368421053,2.5833333333333335,0.596168504953751,0.18922242639148268,0.9999999996756661
0.7578947368421053,2.6875,0.6004606439763124,0.18973707283631355,0.9999999997529011
0.7578947368421053,2.791666666666667,0.6042924601636399,0.19021330953944607,0.9999999997171318
0.7578947368421053,2.8958333333333335,0.607588069381279,0.19065528690682634,0.9999999996875879
0.7578947368421053,3.0,0.6115828978416773,0.19106657008821334,0.9999999997582514
0.8052631578947369,0.5,0.26969218118302846,0.13312577718219773,0.9999999992247461
0.8052631578947369,0.6041666666666666,0.3210137097941651,0.14940772399557367,0.999999999370589
0.8052631578947369,0.7083333333333334,0.3622253258651354,0.15625439765924828,0.9999999994452409
0.8052631578947369,0.8125,0.3960328045777562,0.1613816622542951,0.9999999994983083
0.8052631578947369,0.9166666666666667,0.4241858802940694,0.16593427844033273,0.999999999540846
0.8052631578947369,1.0208333333333335,0.44800066272608824,0.16978215251911782,0.9999999995748226
0.8052631578947369,1.125,0.46846285538267857,0.1729478334186649,0.9999999996023018
0.8052631578947369,1.2291666666666667,0.48591653823905195,0.1755625542624843,0.999999999624853
0.8052631578947369,1.3333333333333335,0.5014635949107674,0.17775515079465617,0.9999999996439648
0.8052631578947369,1.4375,0.5150012269360497,0.17962292278507974,0.9999999996598486
0.8052631578947369,1.5416666666666667,0.5270196718615247,0.18123527999293468,0.9999999996740638
0.8052631578947369,1.6458333333333335,0.537969872217505,0.18264242865148794,0.9999999996859379
0.8052631578947369,1.75,0.5476466738948708,0.1838816805232699,0.9999999996984255
0.8052631578947369,1.8541666666666667,0.5563260081560915,0.18498156344935585,0.9999999996994189
0.8052631578947369,1.9583333333333335,0.5639216370310707,0.18596440840391062,0.9999999997193277
0.8052631578947369,2.0625,0.5713236374518021,0.18684796593617356,0.9999999997196368
0.8052631578947369,2.166666666666667,0.5774036898842307,0.18764656025341464,0.999999999735246
0.8052631578947369,2.2708333333333335,0.5837565559533013,0.18837189473851962,0.9999999997401655
0.8052631578947369,2.375,0.5893290655168071,0.18903360150557702,0.9999999997529735
0.8052631578947369,2.479166666666667,0.5943815233996714,0.18963969965299962,0.999999999761197
0.8052631578947369,2.5833333333333335,0.5990350982223558,0.1901969263684315,0.9999999997162012
0.8052631578947369,2.6875,0.6033029816578495,0.19071094958786555,0.9999999997910205
0.8052631578947369,2.791666666666667,0.6071088042117819,0.19118661945697898,0.9999999997200373
0.8052631578947369,2.8958333333333335,0.6103917876591276,0.1916280649966426,0.999999999728509
0.8052631578947369,3.0,0.6143614867110517,0.19203885468817272,0.9999999996964738
0.8526315789473684,0.5,0.2722816350664538,0.13428198798544386,0.9999999993953649
0.8526315789473684,0.6041666666666666,0.3237189829369389,0.15035696742488666,0.9999999994918126
0.8526315789473684,0.7083333333333334,0.3650767407021135,0.15714436575328997,0.9999999995400288
0.8526315789473684,0.8125,0.3988859368119457,0.16228277855911258,0.9999999995765582
0.8526315789473684,0.9166666666666667,0.4270506324196831,0.16684412471061494,0.9999999996065762
0.8526315789473684,1.0208333333333335,0.45087449789011375,0.17069208066885042,0.9999999996312003
0.8526315789473684,1.125,0.4714095274717689,0.17385467457607592,0.9999999996513791
0.8526315789473684,1.2291666666666667,0.4889271934751144,0.17646611293118486,0.9999999996681419
0.8526315789473684,1.3333333333333335,0.5043262987792225,0.1786559235658712,0.999999999682718
0.8526315789473684,1.4375,0.517964808615653,0.1805214425359349,0.999999999694896
0.8526315789473684,1.5416666666666667,0.5298504265147655,0.18213195132432256,0.9999999997061202
0.8526315789473684,1.6458333333333335,0.5408573412762491,0.18353751911795566,0.9999999997153259
0.8526315789473684,1.75,0.550494856721668,0.18477540228478312,0.9999999997267067
0.8526315789473684,1.8541666666666667,0.5591627627826667,0.18587405346173738,0.9999999997368538
0.8526315789473684,1.9583333333333335,0.5667631322598734,0.18685582190132255,0.9999999997429342
0.8526315789473684,2.0625,0.5740950137656592,0.18773842375955635,0.9999999997452851
0.8526315789473684,2.166666666666667,0.5801970856915566,0.18853614432983717,0.9999999997557397
0.8526315789473684,2.2708333333333335,0.5865068038821332,0.18926068331653523,0.9999999997514353
0.8526315789473684,2.375,0.5920476645100605,0.18992166425498333,0.9999999997440896
0.8526315789473684,2.479166666666667,0.5970756444217918,0.1905271034127725,0.9999999997355125
0.8526315789473684,2.5833333333333335,0.6017084473466887,0.1910837150908031,0.9999999997641204
0.8526315789473684,2.6875,0.6059565493866764,0.1915971784542615,0.9999999997753428
0.8526315789473684,2.791666666666667,0.6097414519683235,0.19207232452948178,0.9999999997596811
0.8526315789473684,2.8958333333333335,0.6130068449222149,0.19251328621522465,0.9999999997883237
0.8526315789473684,3.0,0.6169572336999469,0.19292362736172564,0.9999999997138653
0.9,0.5,0.274649493315389,0.13533927880237065,0.9999999995050742
0.9,0.6041666666666666,0.32626612208461164,0.15122168015340057,0.9999999995742156
0.9,0.7083333333333334,0.36765347905022067,0.1579569816738567,0.9999999996078233
0.9,0.8125,0.40148701130154346,0.16310642436743794,0.99999999963396
0.9,0.9166666666666667,0.4297155606129966,0.1676757779471773,0.9999999996559783
0.9,1.0208333333333335,0.45355057563877926,0.17152371613731718,0.999999999674371
0.9,1.125,0.4741123269469897,0.17468343355325705,0.9999999996896908
0.9,1.2291666666666667,0.4916981832636999,0.1772918127127597,0.9999999997027186
0.9,1.3333333333333335,0.5069610570209048,0.1794791117512472,0.9999999997139388
0.9,1.4375,0.520702896303706,0.1813425794277245,0.9999999997236024
0.9,1.5416666666666667,0.5324923304321884,0.18295139429334664,0.9999999997320752
0.9,1.6458333333333335,0.5435318798638269,0.18435551912799975,0.9999999997400804
0.9,1.75,0.5531354924909102,0.18559215185377448,0.9999999997525171
0.9,1.8541666666666667,0.5617968039274034,0.18668970679378263,0.9999999997553964
0.9,1.9583333333333335,0.5694069033775297,0.18767048626839736,0.9999999997659137
0.9,2.0625,0.5766721123728138,0.18855218717168676,0.9999999997666575
0.9,2.166666666666667,0.5828021343947097,0.18934910957314433,0.9999999997786255
0.9,2.2708333333333335,0.5890718486393139,0.19007292053618557,0.9999999997467631
0.9,2.375,0.594584069545626,0.1907332397898205,0.9999999997811706
0.9,2.479166666666667,0.5995906744394397,0.19133807198733024,0.9999999997606963
0.9,2.5833333333333335,0.6042060859796065,0.1918941261659666,0.9999999997674839
0.9,2.6875,0.6084382049172011,0.1924070745944689,0.9999999997939625
0.9,2.791666666666667,0.6122064894495527,0.19288174345088713,0.9999999997888558
0.9,2.8958333333333335,0.6154501650730837,0.19332226497730173,0.9999999997757424
0.9,3.0,0.6193862417429021,0.19373219356305463,0.9999999997946742
