theta,phi_transmission,eq_high_frac,R0_ratio
0.0,0.5,9.365996264669872e-05,0.6666666666666666
0.0,0.6041666666666666,0.003540779391477663,0.8055555555555555
0.0,0.7083333333333334,0.10307693323795694,0.9444444444444445
0.0,0.8125,0.7912399092967795,1.0833333333333333
0.0,0.9166666666666667,0.990685346010441,1.2222222222222223
0.0,1.0208333333333335,0.9994301110477869,1.3611111111111114
0.0,1.125,0.9999461545509736,1.5
0.0,1.2291666666666667,0.9999928276505702,1.638888888888889
0.0,1.3333333333333335,0.9999987461119725,1.777777777777778
0.0,1.4375,0.9999997273308041,1.9166666666666667
0.0,1.5416666666666667,0.9999999290361452,2.055555555555556
0.0,1.6458333333333335,0.9999999785885818,2.1944444444444446
0.0,1.75,0.9999999926805371,2.3333333333333335
0.0,1.8541666666666667,0.9999999972158986,2.4722222222222223
0.0,1.9583333333333335,0.9999999988378205,2.611111111111111
0.0,2.0625,0.9999999994730434,2.75
0.0,2.166666666666667,0.9999999997424361,2.8888888888888893
0.0,2.2708333333333335,0.9999999998638693,3.027777777777778
0.0,2.375,0.9999999999226388,3.1666666666666665
0.0,2.479166666666667,0.9999999999525544,3.305555555555556
0.0,2.5833333333333335,0.9999999999685132,3.4444444444444446
0.0,2.6875,0.9999999999772972,3.5833333333333335
0.0,2.791666666666667,0.9999999999824558,3.7222222222222228
0.0,2.8958333333333335,0.9999999999855469,3.861111111111111
0.0,3.0,0.9999999999880705,4.0
0.04736842105263158,0.5,0.021045782365916782,0.6666666666666666
0.04736842105263158,0.6041666666666666,0.4520526450929277,0.8055555555555555
0.04736842105263158,0.7083333333333334,0.9852808593643991,0.9444444444444445
0.04736842105263158,0.8125,0.9997216619750328,1.0833333333333333
0.04736842105263158,0.9166666666666667,0.999987335372359,1.2222222222222223
0.04736842105263158,1.0208333333333335,0.9999987492796867,1.3611111111111114
0.04736842105263158,1.125,0.999999758730846,1.5
0.04736842105263158,1.2291666666666667,0.9999999221500835,1.638888888888889
0.04736842105263158,1.3333333333333335,0.9999999649506034,1.777777777777778
0.04736842105263158,1.4375,0.9999999807164647,1.9166666666666667
0.04736842105263158,1.5416666666666667,0.9999999879777801,2.055555555555556
0.04736842105263158,1.6458333333333335,0.9999999918414227,2.1944444444444446
0.04736842105263158,1.75,0.9999999941330783,2.3333333333333335
0.04736842105263158,1.8541666666666667,0.9999999955708092,2.4722222222222223
0.04736842105263158,1.9583333333333335,0.9999999965378163,2.611111111111111
0.04736842105263158,2.0625,0.999999997216692,2.75
0.04736842105263158,2.166666666666667,0.999999997702939,2.8888888888888893
0.04736842105263158,2.2708333333333335,0.9999999980486262,3.027777777777778
0.04736842105263158,2.375,0.9999999983482432,3.1666666666666665
0.04736842105263158,2.479166666666667,0.9999999986139618,3.305555555555556
0.04736842105263158,2.5833333333333335,0.9999999987025568,3.4444444444444446
0.04736842105263158,2.6875,0.9999999988929674,3.5833333333333335
0.04736842105263158,2.791666666666667,0.9999999990095599,3.7222222222222228
0.04736842105263158,2.8958333333333335,0.9999999990648731,3.861111111111111
0.04736842105263158,3.0,0.999999999181051,4.0
0.09473684210526316,0.5,0.39675703736856793,0.6666666666666666
0.09473684210526316,0.6041666666666666,0.9922746098884639,0.8055555555555555
0.09473684210526316,0.7083333333333334,0.9999327694477842,0.9444444444444445
0.09473684210526316,0.8125,0.9999970247376561,1.0833333333333333
0.09473684210526316,0.9166666666666667,0.9999995221984801,1.2222222222222223
0.09473684210526316,1.0208333333333335,0.9999998509128106,1.3611111111111114
0.09473684210526316,1.125,0.9999999352941742,1.5
0.09473684210526316,1.2291666666666667,0.9999999660755631,1.638888888888889
0.09473684210526316,1.3333333333333335,0.999999979820442,1.777777777777778
0.09473684210526316,1.4375,0.9999999868600238,1.9166666666666667
0.09473684210526316,1.5416666666666667,0.9999999908569115,2.055555555555556
0.09473684210526316,1.6458333333333335,0.9999999932833757,2.1944444444444446
0.09473684210526316,1.75,0.999999994865296,2.3333333333333335
0.09473684210526316,1.8541666666666667,0.9999999959378181,2.4722222222222223
0.09473684210526316,1.9583333333333335,0.9999999967026848,2.611111111111111
0.09473684210526316,2.0625,0.9999999972502409,2.75
0.09473684210526316,2.166666666666667,0.9999999977636521,2.8888888888888893
0.09473684210526316,2.2708333333333335,0.9999999980093299,3.027777777777778
0.09473684210526316,2.375,0.9999999981914338,3.1666666666666665
0.09473684210526316,2.479166666666667,0.9999999984648366,3.305555555555556
0.09473684210526316,2.5833333333333335,0.9999999986169887,3.4444444444444446
0.09473684210526316,2.6875,0.9999999987661617,3.5833333333333335
0.09473684210526316,2.791666666666667,0.9999999988721379,3.7222222222222228
0.09473684210526316,2.8958333333333335,0.9999999989752437,3.861111111111111
0.09473684210526316,3.0,0.999999999055733,4.0
0.14210526315789473,0.5,0.9737333299186184,0.6666666666666666
0.14210526315789473,0.6041666666666666,0.9999209922331604,0.8055555555555555
0.14210526315789473,0.7083333333333334,0.9999969278097974,0.9444444444444445
0.14210526315789473,0.8125,0.9999994643999921,1.0833333333333333
0.14210526315789473,0.9166666666666667,0.9999998336707591,1.2222222222222223
0.14210526315789473,1.0208333333333335,0.9999999301151248,1.3611111111111114
0.14210526315789473,1.125,0.9999999643103981,1.5
0.14210526315789473,1.2291666666666667,0.9999999791940902,1.638888888888889
0.14210526315789473,1.3333333333333335,0.9999999866147897,1.777777777777778
0.14210526315789473,1.4375,0.9999999907502916,1.9166666666666667
0.14210526315789473,1.5416666666666667,0.9999999932319804,2.055555555555556
0.14210526315789473,1.6458333333333335,0.9999999948420426,2.1944444444444446
0.14210526315789473,1.75,0.9999999959166149,2.3333333333333335
0.14210526315789473,1.8541666666666667,0.9999999966867182,2.4722222222222223
0.14210526315789473,1.9583333333333335,0.9999999972240485,2.611111111111111
0.14210526315789473,2.0625,0.9999999975724972,2.75
0.14210526315789473,2.166666666666667,0.9999999979746386,2.8888888888888893
0.14210526315789473,2.2708333333333335,0.9999999982334795,3.027777777777778
0.14210526315789473,2.375,0.9999999984107277,3.1666666666666665
0.14210526315789473,2.479166666666667,0.999999998584001,3.305555555555556
0.14210526315789473,2.5833333333333335,0.9999999988611848,3.4444444444444446
0.14210526315789473,2.6875,0.9999999987761441,3.5833333333333335
0.14210526315789473,2.791666666666667,0.9999999989366087,3.7222222222222228
0.14210526315789473,2.8958333333333335,0.9999999990320754,3.861111111111111
0.14210526315789473,3.0,0.9999999990950267,4.0
0.18947368421052632,0.5,0.9995832678221144,0.6666666666666666
0.18947368421052632,0.6041666666666666,0.9999933464058518,0.8055555555555555
0.18947368421052632,0.7083333333333334,0.9999991827184571,0.9444444444444445
0.18947368421052632,0.8125,0.9999997901500636,1.0833333333333333
0.18947368421052632,0.9166666666666667,0.9999999209917736,1.2222222222222223
0.18947368421052632,1.0208333333333335,0.9999999623109276,1.3611111111111114
0.18947368421052632,1.125,0.9999999788990153,1.5
0.18947368421052632,1.2291666666666667,0.999999986782471,1.638888888888889
0.18947368421052632,1.3333333333333335,0.9999999910073183,1.777777777777778
0.18947368421052632,1.4375,0.9999999934953798,1.9166666666666667
0.18947368421052632,1.5416666666666667,0.9999999950625669,2.055555555555556
0.18947368421052632,1.6458333333333335,0.9999999961100943,2.1944444444444446
0.18947368421052632,1.75,0.9999999968358236,2.3333333333333335
0.18947368421052632,1.8541666666666667,0.9999999973693275,2.4722222222222223
0.18947368421052632,1.9583333333333335,0.9999999977677421,2.611111111111111
0.18947368421052632,2.0625,0.9999999980629382,2.75
0.18947368421052632,2.166666666666667,0.9999999983545143,2.8888888888888893
0.18947368421052632,2.2708333333333335,0.9999999984904743,3.027777777777778
0.18947368421052632,2.375,0.9999999986451278,3.1666666666666665
0.18947368421052632,2.479166666666667,0.999999998801098,3.305555555555556
0.18947368421052632,2.5833333333333335,0.9999999988817829,3.4444444444444446
0.18947368421052632,2.6875,0.9999999989704984,3.5833333333333335
0.18947368421052632,2.791666666666667,0.9999999991324036,3.7222222222222228
0.18947368421052632,2.8958333333333335,0.9999999991300051,3.861111111111111
0.18947368421052632,3.0,0.9999999991559041,4.0
0.2368421052631579,0.5,0.9999675450573761,0.6666666666666666
0.2368421052631579,0.6041666666666666,0.9999982981757986,0.8055555555555555
0.2368421052631579,0.7083333333333334,0.9999996995343439,0.9444444444444445
0.2368421052631579,0.8125,0.9999999057373177,1.0833333333333333
0.2368421052631579,0.9166666666666667,0.9999999593327858,1.2222222222222223
0.2368421052631579,1.0208333333333335,0.9999999785601573,1.3611111111111114
0.2368421052631579,1.125,0.9999999870541798,1.5
0.2368421052631579,1.2291666666666667,0.9999999913929302,1.638888888888889
0.2368421052631579,1.3333333333333335,0.9999999938537981,1.777777777777778
0.2368421052631579,1.4375,0.9999999953685001,1.9166666666666667
0.2368421052631579,1.5416666666666667,0.9999999963709268,2.055555555555556
0.2368421052631579,1.6458333333333335,0.9999999970634001,2.1944444444444446
0.2368421052631579,1.75,0.9999999975557238,2.3333333333333335
0.2368421052631579,1.8541666666666667,0.9999999979207118,2.4722222222222223
0.2368421052631579,1.9583333333333335,0.9999999981991459,2.611111111111111
0.2368421052631579,2.0625,0.9999999984178768,2.75
0.2368421052631579,2.166666666666667,0.9999999985938782,2.8888888888888893
0.2368421052631579,2.2708333333333335,0.9999999987104,3.027777777777778
0.2368421052631579,2.375,0.9999999987848884,3.1666666666666665
0.2368421052631579,2.479166666666667,0.9999999989489092,3.305555555555556
0.2368421052631579,2.5833333333333335,0.9999999989647562,3.4444444444444446
0.2368421052631579,2.6875,0.999999999095352,3.5833333333333335
0.2368421052631579,2.791666666666667,0.99999999913961,3.7222222222222228
0.2368421052631579,2.8958333333333335,0.9999999992144836,3.861111111111111
0.2368421052631579,3.0,0.9999999991668582,4.0
0.28421052631578947,0.5,0.9999935594266448,0.6666666666666666
0.28421052631578947,0.6041666666666666,0.9999994600340709,0.8055555555555555
0.28421052631578947,0.7083333333333334,0.9999998767962832,0.9444444444444445
0.28421052631578947,0.8125,0.9999999543320159,1.0833333333333333
0.28421052631578947,0.9166666666666667,0.9999999778583877,1.2222222222222223
0.28421052631578947,1.0208333333333335,0.9999999872733087,1.3611111111111114
0.28421052631578947,1.125,0.9999999917871857,1.5
0.28421052631578947,1.2291666666666667,0.9999999942424639,1.638888888888889
0.28421052631578947,1.3333333333333335,0.9999999957098578,1.777777777777778
0.28421052631578947,1.4375,0.9999999966585957,1.9166666666666667
0.28421052631578947,1.5416666666666667,0.9999999973022526,2.055555555555556
0.28421052631578947,1.6458333333333335,0.9999999977573876,2.1944444444444446
0.28421052631578947,1.75,0.9999999980995283,2.3333333333333335
0.28421052631578947,1.8541666666666667,0.9999999983530455,2.4722222222222223
0.28421052631578947,1.9583333333333335,0.9999999985490394,2.611111111111111
0.28421052631578947,2.0625,0.999999998715676,2.75
0.28421052631578947,2.166666666666667,0.9999999988464079,2.8888888888888893
0.28421052631578947,2.2708333333333335,0.9999999988837939,3.027777777777778
0.28421052631578947,2.375,0.9999999989568464,3.1666666666666665
0.28421052631578947,2.479166666666667,0.9999999990476233,3.305555555555556
0.28421052631578947,2.5833333333333335,0.9999999991550276,3.4444444444444446
0.28421052631578947,2.6875,0.9999999992303468,3.5833333333333335
0.28421052631578947,2.791666666666667,0.9999999992226918,3.7222222222222228
0.28421052631578947,2.8958333333333335,0.9999999993123642,3.861111111111111
0.28421052631578947,3.0,0.9999999993231848,4.0
0.3315789473684211,0.5,0.9999984341273221,0.6666666666666666
0.3315789473684211,0.6041666666666666,0.9999998082907442,0.8055555555555555
0.3315789473684211,0.7083333333333334,0.9999999451527639,0.9444444444444445
0.3315789473684211,0.8125,0.9999999764498184,1.0833333333333333
0.3315789473684211,0.9166666666666667,0.9999999873321724,1.2222222222222223
0.3315789473684211,1.0208333333333335,0.999999992137545,1.3611111111111114
0.3315789473684211,1.125,0.9999999946161043,1.5
0.3315789473684211,1.2291666666666667,0.9999999960439826,1.638888888888889
0.3315789473684211,1.3333333333333335,0.9999999969398935,1.777777777777778
0.3315789473684211,1.4375,0.999999997538442,1.9166666666666667
0.3315789473684211,1.5416666666666667,0.9999999979602575,2.055555555555556
0.3315789473684211,1.6458333333333335,0.9999999982699873,2.1944444444444446
0.3315789473684211,1.75,0.9999999984984539,2.3333333333333335
0.3315789473684211,1.8541666666666667,0.999999998684232,2.4722222222222223
0.3315789473684211,1.9583333333333335,0.9999999988095051,2.611111111111111
0.3315789473684211,2.0625,0.9999999989392022,2.75
0.3315789473684211,2.166666666666667,0.9999999990098337,2.8888888888888893
0.3315789473684211,2.2708333333333335,0.9999999991184264,3.027777777777778
0.3315789473684211,2.375,0.9999999991878938,3.1666666666666665
0.3315789473684211,2.479166666666667,0.9999999992340585,3.305555555555556
0.3315789473684211,2.5833333333333335,0.9999999992970608,3.4444444444444446
0.3315789473684211,2.6875,0.9999999993138666,3.5833333333333335
0.3315789473684211,2.791666666666667,0.9999999994141656,3.7222222222222228
0.3315789473684211,2.8958333333333335,0.9999999992872292,3.861111111111111
0.3315789473684211,3.0,0.9999999994104881,4.0
0.37894736842105264,0.5,0.9999995645076959,0.6666666666666666
0.37894736842105264,0.6041666666666666,0.9999999249124117,0.8055555555555555
0.37894736842105264,0.7083333333333334,0.9999999737183628,0.9444444444444445
0.37894736842105264,0.8125,0.9999999871330348,1.0833333333333333
0.37894736842105264,0.9166666666666667,0.9999999924095754,1.2222222222222223
0.37894736842105264,1.0208333333333335,0.9999999949531303,1.3611111111111114
0.37894736842105264,1.125,0.9999999963551511,1.5
0.37894736842105264,1.2291666666666667,0.9999999972075625,1.638888888888889
0.37894736842105264,1.3333333333333335,0.9999999977642177,1.777777777777778
0.37894736842105264,1.4375,0.9999999981500197,1.9166666666666667
0.37894736842105264,1.5416666666666667,0.9999999984303577,2.055555555555556
0.37894736842105264,1.6458333333333335,0.9999999986393703,2.1944444444444446
0.37894736842105264,1.75,0.99999999881486,2.3333333333333335
0.37894736842105264,1.8541666666666667,0.9999999989295849,2.4722222222222223
0.37894736842105264,1.9583333333333335,0.999999999037621,2.611111111111111
0.37894736842105264,2.0625,0.9999999991097823,2.75
0.37894736842105264,2.166666666666667,0.9999999991855522,2.8888888888888893
0.37894736842105264,2.2708333333333335,0.9999999992469153,3.027777777777778
0.37894736842105264,2.375,0.9999999992896951,3.1666666666666665
0.37894736842105264,2.479166666666667,0.9999999993387723,3.305555555555556
0.37894736842105264,2.5833333333333335,0.9999999993845039,3.4444444444444446
0.37894736842105264,2.6875,0.9999999994173392,3.5833333333333335
0.37894736842105264,2.791666666666667,0.9999999994001686,3.7222222222222228
0.37894736842105264,2.8958333333333335,0.9999999993720112,3.861111111111111
0.37894736842105264,3.0,0.9999999994707806,4.0
0.4263157894736842,0.5,0.9999998622970642,0.6666666666666666
0.4263157894736842,0.6041666666666666,0.9999999677860415,0.8055555555555555
0.4263157894736842,0.7083333333333334,0.9999999865092982,0.9444444444444445
0.4263157894736842,0.8125,0.9999999925772597,1.0833333333333333
0.4263157894736842,0.9166666666666667,0.999999995243885,1.2222222222222223
0.4263157894736842,1.0208333333333335,0.9999999966367286,1.3611111111111114
0.4263157894736842,1.125,0.999999997452905,1.5
0.4263157894736842,1.2291666666666667,0.9999999979729001,1.638888888888889
0.4263157894736842,1.3333333333333335,0.9999999983273818,1.777777777777778
0.4263157894736842,1.4375,0.9999999985805794,1.9166666666666667
0.4263157894736842,1.5416666666666667,0.9999999987688345,2.055555555555556
0.4263157894736842,1.6458333333333335,0.9999999989136489,2.1944444444444446
0.4263157894736842,1.75,0.9999999990283754,2.3333333333333335
0.4263157894736842,1.8541666666666667,0.9999999991176208,2.4722222222222223
0.4263157894736842,1.9583333333333335,0.9999999991978609,2.611111111111111
0.4263157894736842,2.0625,0.9999999992567847,2.75
0.4263157894736842,2.166666666666667,0.9999999992608926,2.8888888888888893
0.4263157894736842,2.2708333333333335,0.9999999993144127,3.027777777777778
0.4263157894736842,2.375,0.9999999993725411,3.1666666666666665
0.4263157894736842,2.479166666666667,0.9999999992995176,3.305555555555556
0.4263157894736842,2.5833333333333335,0.9999999993784175,3.4444444444444446
0.4263157894736842,2.6875,0.9999999994649104,3.5833333333333335
0.4263157894736842,2.791666666666667,0.9999999994282068,3.7222222222222228
0.4263157894736842,2.8958333333333335,0.9999999995093709,3.861111111111111
0.4263157894736842,3.0,0.9999999995285138,4.0
0.4736842105263158,0.5,0.9999999508136211,0.6666666666666666
0.4736842105263158,0.6041666666666666,0.9999999849332996,0.8055555555555555
0.4736842105263158,0.7083333333333334,0.9999999926058671,0.9444444444444445
0.4736842105263158,0.8125,0.9999999954866569,1.0833333333333333
0.4736842105263158,0.9166666666666667,0.9999999968883465,1.2222222222222223
0.4736842105263158,1.0208333333333335,0.9999999976759559,1.3611111111111114
0.4736842105263158,1.125,0.9999999981638786,1.5
0.4736842105263158,1.2291666666666667,0.9999999984891348,1.638888888888889
0.4736842105263158,1.3333333333333335,0.9999999987190077,1.777777777777778
0.4736842105263158,1.4375,0.999999998886955,1.9166666666666667
0.4736842105263158,1.5416666666666667,0.9999999990155628,2.055555555555556
0.4736842105263158,1.6458333333333335,0.9999999991213057,2.1944444444444446
0.4736842105263158,1.75,0.9999999992035028,2.3333333333333335
0.4736842105263158,1.8541666666666667,0.999999999268903,2.4722222222222223
0.4736842105263158,1.9583333333333335,0.99999999932443,2.611111111111111
0.4736842105263158,2.0625,0.999999999362294,2.75
0.4736842105263158,2.166666666666667,0.9999999994238314,2.8888888888888893
0.4736842105263158,2.2708333333333335,0.9999999994347197,3.027777777777778
0.4736842105263158,2.375,0.9999999994316311,3.1666666666666665
0.4736842105263158,2.479166666666667,0.9999999994145833,3.305555555555556
0.4736842105263158,2.5833333333333335,0.9999999995019314,3.4444444444444446
0.4736842105263158,2.6875,0.9999999995038411,3.5833333333333335
0.4736842105263158,2.791666666666667,0.999999999568511,3.7222222222222228
0.4736842105263158,2.8958333333333335,0.9999999994930896,3.861111111111111
0.4736842105263158,3.0,0.9999999996983187,4.0
0.5210526315789474,0.5,0.9999999802527859,0.6666666666666666
0.5210526315789474,0.6041666666666666,0.9999999923429163,0.8055555555555555
0.5210526315789474,0.7083333333333334,0.9999999956813664,0.9444444444444445
0.5210526315789474,0.8125,0.9999999971131082,1.0833333333333333
0.5210526315789474,0.9166666666666667,0.9999999978772969,1.2222222222222223
0.5210526315789474,1.0208333333333335,0.9999999983365397,1.3611111111111114
0.5210526315789474,1.125,0.999999998636138,1.5
0.5210526315789474,1.2291666666666667,0.9999999988439477,1.638888888888889
0.5210526315789474,1.3333333333333335,0.9999999989949578,1.777777777777778
0.5210526315789474,1.4375,0.999999999109563,1.9166666666666667
0.5210526315789474,1.5416666666666667,0.9999999992007059,2.055555555555556
0.5210526315789474,1.6458333333333335,0.9999999992729078,2.1944444444444446
0.5210526315789474,1.75,0.9999999993296833,2.3333333333333335
0.5210526315789474,1.8541666666666667,0.9999999993807224,2.4722222222222223
0.5210526315789474,1.9583333333333335,0.9999999994242142,2.611111111111111
0.5210526315789474,2.0625,0.9999999994607437,2.75
0.5210526315789474,2.166666666666667,0.9999999994889693,2.8888888888888893
0.5210526315789474,2.2708333333333335,0.9999999995114012,3.027777777777778
0.5210526315789474,2.375,0.9999999995309874,3.1666666666666665
0.5210526315789474,2.479166666666667,0.9999999994986652,3.305555555555556
0.5210526315789474,2.5833333333333335,0.9999999995501411,3.4444444444444446
0.5210526315789474,2.6875,0.99999999956335,3.5833333333333335
0.5210526315789474,2.791666666666667,0.999999999604753,3.7222222222222228
0.5210526315789474,2.8958333333333335,0.9999999995826008,3.861111111111111
0.5210526315789474,3.0,0.9999999996533467,4.0
0.5684210526315789,0.5,0.9999999913017266,0.6666666666666666
0.5684210526315789,0.6041666666666666,0.9999999957896974,0.8055555555555555
0.5684210526315789,0.7083333333333334,0.9999999973177018,0.9444444444444445
0.5684210526315789,0.8125,0.9999999980608298,1.0833333333333333
0.5684210526315789,0.9166666666666667,0.999999998492389,1.2222222222222223
0.5684210526315789,1.0208333333333335,0.999999998768142,1.3611111111111114
0.5684210526315789,1.125,0.9999999989569975,1.5
0.5684210526315789,1.2291666666666667,0.9999999990925785,1.638888888888889
0.5684210526315789,1.3333333333333335,0.9999999991947509,1.777777777777778
0.5684210526315789,1.4375,0.9999999992738052,1.9166666666666667
0.5684210526315789,1.5416666666666667,0.9999999993369203,2.055555555555556
0.5684210526315789,1.6458333333333335,0.9999999993921547,2.1944444444444446
0.5684210526315789,1.75,0.9999999994310892,2.3333333333333335
0.5684210526315789,1.8541666666666667,0.9999999994766369,2.4722222222222223
0.5684210526315789,1.9583333333333335,0.9999999994769446,2.611111111111111
0.5684210526315789,2.0625,0.9999999995266106,2.75
0.5684210526315789,2.166666666666667,0.9999999995464203,2.8888888888888893
0.5684210526315789,2.2708333333333335,0.9999999995433556,3.027777777777778
0.5684210526315789,2.375,0.9999999995466972,3.1666666666666665
0.5684210526315789,2.479166666666667,0.9999999996159741,3.305555555555556
0.5684210526315789,2.5833333333333335,0.9999999995641063,3.4444444444444446
0.5684210526315789,2.6875,0.9999999996536332,3.5833333333333335
0.5684210526315789,2.791666666666667,0.9999999995799218,3.7222222222222228
0.5684210526315789,2.8958333333333335,0.9999999995912346,3.861111111111111
0.5684210526315789,3.0,0.9999999995877445,4.0
0.6157894736842106,0.5,0.9999999955269081,0.6666666666666666
0.6157894736842106,0.6041666666666666,0.9999999974841612,0.8055555555555555
0.6157894736842106,0.7083333333333334,0.9999999982324952,0.9444444444444445
0.6157894736842106,0.8125,0.9999999986349152,1.0833333333333333
0.6157894736842106,0.9166666666666667,0.9999999988873266,1.2222222222222223
0.6157894736842106,1.0208333333333335,0.999999999058119,1.3611111111111114
0.6157894736842106,1.125,0.9999999991796809,1.5
0.6157894736842106,1.2291666666666667,0.999999999270717,1.638888888888889
0.6157894736842106,1.3333333333333335,0.9999999993406481,1.777777777777778
0.6157894736842106,1.4375,0.99999999939626,1.9166666666666667
0.6157894736842106,1.5416666666666667,0.9999999994421204,2.055555555555556
0.6157894736842106,1.6458333333333335,0.9999999994812783,2.1944444444444446
0.6157894736842106,1.75,0.9999999995111503,2.3333333333333335
0.6157894736842106,1.8541666666666667,0.999999999539501,2.4722222222222223
0.6157894736842106,1.9583333333333335,0.999999999568129,2.611111111111111
0.6157894736842106,2.0625,0.9999999995895633,2.75
0.6157894736842106,2.166666666666667,0.9999999996026581,2.8888888888888893
0.6157894736842106,2.2708333333333335,0.9999999995852079,3.027777777777778
0.6157894736842106,2.375,0.9999999996255823,3.1666666666666665
0.6157894736842106,2.479166666666667,0.9999999996359219,3.305555555555556
0.6157894736842106,2.5833333333333335,0.999999999714671,3.4444444444444446
0.6157894736842106,2.6875,0.9999999996688959,3.5833333333333335
0.6157894736842106,2.791666666666667,0.9999999996437964,3.7222222222222228
0.6157894736842106,2.8958333333333335,0.9999999996915687,3.861111111111111
0.6157894736842106,3.0,0.9999999996964104,4.0
0.6631578947368422,0.5,0.9999999974901743,0.6666666666666666
0.6631578947368422,0.6041666666666666,0.9999999983837039,0.8055555555555555
0.6631578947368422,0.7083333333333334,0.9999999987682717,0.9444444444444445
0.6631578947368422,0.8125,0.9999999989957645,1.0833333333333333
0.6631578947368422,0.9166666666666667,0.9999999991488848,1.2222222222222223
0.6631578947368422,1.0208333333333335,0.9999999992576938,1.3611111111111114
0.6631578947368422,1.125,0.9999999993382596,1.5
0.6631578947368422,1.2291666666666667,0.9999999994004134,1.638888888888889
0.6631578947368422,1.3333333333333335,0.9999999994492882,1.777777777777778
0.6631578947368422,1.4375,0.9999999994882343,1.9166666666666667
0.6631578947368422,1.5416666666666667,0.9999999995221731,2.055555555555556
0.6631578947368422,1.6458333333333335,0.9999999995513014,2.1944444444444446
0.6631578947368422,1.75,0.9999999995743816,2.3333333333333335
0.6631578947368422,1.8541666666666667,0.9999999995954786,2.4722222222222223
0.6631578947368422,1.9583333333333335,0.9999999996146213,2.611111111111111
0.6631578947368422,2.0625,0.9999999996357315,2.75
0.6631578947368422,2.166666666666667,0.9999999996491734,2.8888888888888893
0.6631578947368422,2.2708333333333335,0.9999999996543878,3.027777777777778
0.6631578947368422,2.375,0.9999999996740654,3.1666666666666665
0.6631578947368422,2.479166666666667,0.9999999996706044,3.305555555555556
0.6631578947368422,2.5833333333333335,0.9999999996740877,3.4444444444444446
0.6631578947368422,2.6875,0.9999999996523775,3.5833333333333335
0.6631578947368422,2.791666666666667,0.9999999996916645,3.7222222222222228
0.6631578947368422,2.8958333333333335,0.9999999996656586,3.861111111111111
0.6631578947368422,3.0,0.9999999997129969,4.0
0.7105263157894737,0.5,0.9999999984416796,0.6666666666666666
0.7105263157894737,0.6041666666666666,0.9999999988872186,0.8055555555555555
0.7105263157894737,0.7083333333333334,0.9999999990964055,0.9444444444444445
0.7105263157894737,0.8125,0.999999999230421,1.0833333333333333
0.7105263157894737,0.9166666666666667,0.9999999993269076,1.2222222222222223
0.7105263157894737,1.0208333333333335,0.9999999993983942,1.3611111111111114
0.7105263157894737,1.125,0.9999999994532721,1.5
0.7105263157894737,1.2291666666666667,0.9999999994962586,1.638888888888889
0.7105263157894737,1.3333333333333335,0.9999999995313014,1.777777777777778
0.7105263157894737,1.4375,0.9999999995607173,1.9166666666666667
0.7105263157894737,1.5416666666666667,0.9999999995847498,2.055555555555556
0.7105263157894737,1.6458333333333335,0.9999999996070406,2.1944444444444446
0.7105263157894737,1.75,0.9999999996241763,2.3333333333333335
0.7105263157894737,1.8541666666666667,0.9999999996422498,2.4722222222222223
0.7105263157894737,1.9583333333333335,0.9999999996623855,2.611111111111111
0.7105263157894737,2.0625,0.9999999996709643,2.75
0.7105263157894737,2.166666666666667,0.9999999996811261,2.8888888888888893
0.7105263157894737,2.2708333333333335,0.9999999996541402,3.027777777777778
0.7105263157894737,2.375,0.999999999676578,3.1666666666666665
0.7105263157894737,2.479166666666667,0.9999999996621031,3.305555555555556
0.7105263157894737,2.5833333333333335,0.999999999720925,3.4444444444444446
0.7105263157894737,2.6875,0.9999999996159634,3.5833333333333335
0.7105263157894737,2.791666666666667,0.9999999996547267,3.7222222222222228
0.7105263157894737,2.8958333333333335,0.9999999997765892,3.861111111111111
0.7105263157894737,3.0,0.9999999997238095,4.0
0.7578947368421053,0.5,0.9999999989413388,0.6666666666666666
0.7578947368421053,0.6041666666666666,0.9999999991850923,0.8055555555555555
0.7578947368421053,0.7083333333333334,0.9999999993057509,0.9444444444444445
0.7578947368421053,0.8125,0.9999999993886866,1.0833333333333333
0.7578947368421053,0.9166666666666667,0.9999999994514721,1.2222222222222223
0.7578947368421053,1.0208333333333335,0.9999999994999806,1.3611111111111114
0.7578947368421053,1.125,0.9999999995382751,1.5
0.7578947368421053,1.2291666666666667,0.9999999995691381,1.638888888888889
0.7578947368421053,1.3333333333333335,0.9999999995944604,1.777777777777778
0.7578947368421053,1.4375,0.9999999996160741,1.9166666666666667
0.7578947368421053,1.5416666666666667,0.9999999996343694,2.055555555555556
0.7578947368421053,1.6458333333333335,0.9999999996549714,2.1944444444444446
0.7578947368421053,1.75,0.9999999996645734,2.3333333333333335
0.7578947368421053,1.8541666666666667,0.9999999996795039,2.4722222222222223
0.7578947368421053,1.9583333333333335,0.9999999996957027,2.611111111111111
0.7578947368421053,2.0625,0.9999999997036627,2.75
0.7578947368421053,2.166666666666667,0.9999999997158039,2.8888888888888893
0.7578947368421053,2.2708333333333335,0.9999999997189344,3.027777777777778
0.7578947368421053,2.375,0.9999999997021577,3.1666666666666665
0.7578947368421053,2.479166666666667,0.999999999723604,3.305555555555556
0.7578947368421053,2.5833333333333335,0.9999999996756661,3.4444444444444446
0.7578947368421053,2.6875,0.9999999997529011,3.5833333333333335
0.7578947368421053,2.791666666666667,0.9999999997171318,3.7222222222222228
0.7578947368421053,2.8958333333333335,0.9999999996875879,3.861111111111111
0.7578947368421053,3.0,0.9999999997582514,4.0
0.8052631578947369,0.5,0.9999999992247461,0.6666666666666666
0.8052631578947369,0.6041666666666666,0.999999999370589,0.8055555555555555
0.8052631578947369,0.7083333333333334,0.9999999994452409,0.9444444444444445
0.8052631578947369,0.8125,0.9999999994983083,1.0833333333333333
0.8052631578947369,0.9166666666666667,0.999999999540846,1.2222222222222223
0.8052631578947369,1.0208333333333335,0.9999999995748226,1.3611111111111114
0.8052631578947369,1.125,0.9999999996023018,1.5
0.8052631578947369,1.2291666666666667,0.999999999624853,1.638888888888889
0.8052631578947369,1.3333333333333335,0.9999999996439648,1.777777777777778
0.8052631578947369,1.4375,0.9999999996598486,1.9166666666666667
0.8052631578947369,1.5416666666666667,0.9999999996740638,2.055555555555556
0.8052631578947369,1.6458333333333335,0.9999999996859379,2.1944444444444446
0.8052631578947369,1.75,0.9999999996984255,2.3333333333333335
0.8052631578947369,1.8541666666666667,0.9999999996994189,2.4722222222222223
0.8052631578947369,1.9583333333333335,0.9999999997193277,2.611111111111111
0.8052631578947369,2.0625,0.9999999997196368,2.75
0.8052631578947369,2.166666666666667,0.999999999735246,2.8888888888888893
0.8052631578947369,2.2708333333333335,0.9999999997401655,3.027777777777778
0.8052631578947369,2.375,0.9999999997529735,3.1666666666666665
0.8052631578947369,2.479166666666667,0.999999999761197,3.305555555555556
0.8052631578947369,2.5833333333333335,0.9999999997162012,3.4444444444444446
0.8052631578947369,2.6875,0.9999999997910205,3.5833333333333335
0.8052631578947369,2.791666666666667,0.9999999997200373,3.7222222222222228
0.8052631578947369,2.8958333333333335,0.999999999728509,3.861111111111111
0.8052631578947369,3.0,0.9999999996964738,4.0
0.8526315789473684,0.5,0.9999999993953649,0.6666666666666666
0.8526315789473684,0.6041666666666666,0.9999999994918126,0.8055555555555555
0.8526315789473684,0.7083333333333334,0.9999999995400288,0.9444444444444445
0.8526315789473684,0.8125,0.9999999995765582,1.0833333333333333
0.8526315789473684,0.9166666666666667,0.9999999996065762,1.2222222222222223
0.8526315789473684,1.0208333333333335,0.9999999996312003,1.3611111111111114
0.8526315789473684,1.125,0.9999999996513791,1.5
0.8526315789473684,1.2291666666666667,0.9999999996681419,1.638888888888889
0.8526315789473684,1.3333333333333335,0.999999999682718,1.777777777777778
0.8526315789473684,1.4375,0.999999999694896,1.9166666666666667
0.8526315789473684,1.5416666666666667,0.9999999997061202,2.055555555555556
0.8526315789473684,1.6458333333333335,0.9999999997153259,2.1944444444444446
0.8526315789473684,1.75,0.9999999997267067,2.3333333333333335
0.8526315789473684,1.8541666666666667,0.9999999997368538,2.4722222222222223
0.8526315789473684,1.9583333333333335,0.9999999997429342,2.611111111111111
0.8526315789473684,2.0625,0.9999999997452851,2.75
0.8526315789473684,2.166666666666667,0.9999999997557397,2.8888888888888893
0.8526315789473684,2.2708333333333335,0.9999999997514353,3.027777777777778
0.8526315789473684,2.375,0.9999999997440896,3.1666666666666665
0.8526315789473684,2.479166666666667,0.9999999997355125,3.305555555555556
0.8526315789473684,2.5833333333333335,0.9999999997641204,3.4444444444444446
0.8526315789473684,2.6875,0.9999999997753428,3.5833333333333335
0.8526315789473684,2.791666666666667,0.9999999997596811,3.7222222222222228
0.8526315789473684,2.8958333333333335,0.9999999997883237,3.861111111111111
0.8526315789473684,3.0,0.9999999997138653,4.0
0.9,0.5,0.9999999995050742,0.6666666666666666
0.9,0.6041666666666666,0.9999999995742156,0.8055555555555555
0.9,0.7083333333333334,0.9999999996078233,0.9444444444444445
0.9,0.8125,0.99999999963396,1.0833333333333333
0.9,0.9166666666666667,0.9999999996559783,1.2222222222222223
0.9,1.0208333333333335,0.999999999674371,1.3611111111111114
0.9,1.125,0.9999999996896908,1.5
0.9,1.2291666666666667,0.9999999997027186,1.638888888888889
0.9,1.3333333333333335,0.9999999997139388,1.777777777777778
0.9,1.4375,0.9999999997236024,1.9166666666666667
0.9,1.5416666666666667,0.9999999997320752,2.055555555555556
0.9,1.6458333333333335,0.9999999997400804,2.1944444444444446
0.9,1.75,0.9999999997525171,2.3333333333333335
0.9,1.8541666666666667,0.9999999997553964,2.4722222222222223
0.9,1.9583333333333335,0.9999999997659137,2.611111111111111
0.9,2.0625,0.9999999997666575,2.75
0.9,2.166666666666667,0.9999999997786255,2.8888888888888893
0.9,2.2708333333333335,0.9999999997467631,3.027777777777778
0.9,2.375,0.9999999997811706,3.1666666666666665
0.9,2.479166666666667,0.9999999997606963,3.305555555555556
0.9,2.5833333333333335,0.9999999997674839,3.4444444444444446
0.9,2.6875,0.9999999997939625,3.5833333333333335
0.9,2.791666666666667,0.9999999997888558,3.7222222222222228
0.9,2.8958333333333335,0.9999999997757424,3.861111111111111
0.9,3.0,0.9999999997946742,4.0
